task_id,mec_id,distance_m,link_distance_3d_m,elevation_deg,los_probability,los_state,free_space_path_loss_db,path_loss_offset_db,path_loss_db,channel_gain,ul_rate_mbps,dl_rate_mbps,ul_available,dl_available,mec_available
1,1,1052.8534333468933,1059.6699260195796,6.502283374864112,0.059522189295945896,average_los_nlos,98.97179531533084,0.0,117.84087371870787,1.6440409398671188e-12,34.34546207629234,61.75482866816779,1,1,1
1,2,6561.38810202654,6562.485339062895,1.047754989527069,0.025761790789874315,average_los_nlos,114.80975005873105,0.0,134.32027603372345,3.698046745759402e-14,1.560326521726855,9.924945065468718,0,1,0
1,3,10864.759505410739,10865.422178195056,0.6327994631996087,0.024146894025385265,average_los_nlos,119.18931524686431,0.0,138.73052426038197,1.339514977560572e-14,0.5760727939300712,4.279033009021592,0,0,0
2,1,1583.5685204392312,1588.1087050092308,4.333489925486202,0.04281755495765098,average_los_nlos,102.48598766083695,0.0,121.67245411664159,6.803847773707706e-13,19.74930207540457,47.15985172087516,1,1,1
2,2,6898.390099273471,6899.433742109149,0.9965803707081583,0.025557084929828885,average_los_nlos,115.24465210130268,0.0,134.75906748763592,3.342668057242361e-14,1.4143872405022686,9.18336372210681,0,0,0
2,3,11251.866494212643,11252.506369853123,0.6110304357005374,0.024064956076976864,average_los_nlos,119.49336848430961,0.0,139.03613431884705,1.2484943120585086e-14,0.5373304818584634,4.01948189407105,0,0,0
3,1,1850.2131057235092,1854.1004656142647,3.710857540462468,0.03891560057134393,average_los_nlos,103.83104839454475,0.0,123.09165198368922,4.907211785044437e-13,15.575953130833446,41.93600647934998,1,1,1
3,2,6335.983431547794,6337.119696269604,1.085020456115461,0.025911861600380455,average_los_nlos,114.50622133933248,0.0,134.01389596892525,3.968353966481027e-14,1.6707839021270872,10.468472434232101,0,1,0
3,3,10668.271997314177,10668.946874395702,0.6444533465884946,0.02419087063700645,average_los_nlos,119.03081418679925,0.0,138.57118764469612,1.3895725793716782e-14,0.5973548545312074,4.420134125242563,0,0,0
4,1,1841.033632536274,1844.9403340297235,3.729307951896015,0.0390261617169503,average_los_nlos,103.78802964511168,0.0,123.04653257248961,4.958459185150225e-13,15.697997063204237,42.0999855133631,1,1,1
4,2,5361.266038031323,5362.608836242681,1.282224321028509,0.02672028945621359,average_los_nlos,113.05590552433318,0.0,132.5482200246651,5.5613214381055e-14,2.312355103112345,13.365344557421421,0,1,0
4,3,9674.395859830627,9675.140063725588,0.7106532605724845,0.02444216571276437,average_los_nlos,118.18152835257439,0.0,137.71712720403187,1.6915595040942834e-14,0.7253763452875953,5.247804057711435,0,0,0
5,1,786.2143565276896,795.3194417403921,8.678087796205086,0.08226898322066903,average_los_nlos,96.47921511509625,0.0,114.91610443390354,3.2239593450967625e-12,48.20047813306442,73.17263512967959,1,1,1
5,2,5327.408440481582,5328.759770501425,1.2903705714584919,0.026754207007753116,average_los_nlos,113.00090597421925,0.0,132.49257604107194,5.6330343025330096e-14,2.340868098230816,13.48501555729202,0,1,0
5,3,9579.238692325256,9579.990288332305,0.7177119334549015,0.02446911014365852,average_los_nlos,118.09568451146076,0.0,137.63077141873126,1.7255313660040303e-14,0.7397386428254683,5.338483839752414,0,0,0
6,1,4584.343645171205,4585.913939120708,1.4994346823429439,0.027639124756666873,average_los_nlos,111.69690114210077,0.0,131.1717577717241,7.635266897895641e-14,3.124572207221458,16.53044044275999,0,1,0
6,2,1457.815741126869,1462.7462989449955,4.70568900186773,0.045325788791455345,average_los_nlos,101.77176329372293,0.0,120.91057330668528,8.108540109699126e-13,22.27448163247044,50.013217871339684,1,1,1
6,3,5380.05485354342,5381.392963456219,1.2777478842526033,0.02670166926842599,average_los_nlos,113.08627726573934,0.0,132.57894554963923,5.5221149784135987e-14,2.296753389647879,13.299567242151044,0,1,0
7,1,4551.496870136372,4553.078492499464,1.5102506549670367,0.027685671829324018,average_los_nlos,111.63448588244495,0.0,131.10845811768777,7.747368049691045e-14,3.16775887418541,16.686091103964458,0,1,0
7,2,990.7564619291494,997.9971777787581,6.906001241248834,0.06324272963545853,average_los_nlos,98.45096939824819,0.0,117.24935753517448,1.8839277639494393e-12,36.98607502021158,64.05043738997844,1,1,1
7,3,5334.150331349133,5335.499953840508,1.288740208370082,0.026747415513738333,average_los_nlos,113.01188554484722,0.0,132.5036846500862,5.618644247532532e-14,2.335149130549907,13.461068371819698,0,1,0
8,1,5614.135512416193,5615.417843025809,1.2244889234652827,0.026481099301065694,average_los_nlos,113.45602468787396,0.0,132.95288380115372,5.066541681759277e-14,2.114773156517735,12.516337768937007,0,1,0
8,2,926.8480888306476,934.5840677911345,7.377107471455211,0.06785805373793313,average_los_nlos,97.88075059853787,0.0,116.59144757751714,2.1920741578945366e-12,40.02620728947638,66.61278151834166,1,1,1
8,3,4592.535080270919,4594.1025743358205,1.4967614464396348,0.027627632077348384,average_los_nlos,111.71239688778378,0.0,131.18747187831417,7.607690080855146e-14,3.1139372964461143,16.491935038315987,0,1,0
9,1,5581.770615774963,5583.060380036097,1.2315867225483086,0.026510391882107843,average_los_nlos,113.40582962939064,0.0,132.90213218363058,5.126096547374127e-14,2.1386351243270503,12.620761352874288,0,1,0
9,2,1407.5432198416088,1412.6492543168963,4.872964298841969,0.046498101373803814,average_los_nlos,101.46907002643383,0.0,120.58560610033155,8.73855029083079e-13,23.41118636862724,51.23905448663355,1,1,1
9,3,4502.836151296515,4504.4348597157905,1.526563772169282,0.027756020220108635,average_los_nlos,111.54118935132945,0.0,131.0138249671474,7.918036570826184e-14,3.2333708633188545,16.920406677424452,0,1,0
10,1,6461.346576468827,6462.46079920377,1.0639737597908414,0.025827000709021306,average_los_nlos,114.67634156941614,0.0,134.18562855594473,3.814495829506612e-14,1.607969476159636,10.161193255242248,0,1,0
10,2,1357.1576861667124,1362.4525625214937,5.052956928116426,0.047791732521698854,average_los_nlos,101.1548109366129,0.0,120.24676801870064,9.447636995636267e-13,24.633734782133477,52.522284923383594,1,1,1
10,3,3498.101342848485,3500.1589970797572,1.9647225092697675,0.02971180709108176,average_los_nlos,109.35013859351706,0.0,128.7856142587865,1.322630624136292e-13,5.195483133093069,22.96825957012084,0,1,0
11,1,6898.185127925379,6899.228801766968,0.9966099769334593,0.02555720289986625,average_los_nlos,115.24439409235595,0.0,134.75880723725848,3.3428683721727996e-14,1.4144697329824383,9.183790803031357,0,0,0
11,2,1357.161706254359,1362.4565669859876,5.052942038094283,0.04779162410415085,average_los_nlos,101.15483646578471,0.0,120.24679560780584,9.44757697852024e-13,24.633633703371174,52.52218023808219,1,1,1
11,3,3008.071767857381,3010.4643762351066,2.2844700105986555,0.03122271044330201,average_los_nlos,108.04105298379045,0.0,127.44782148536771,1.7997734938701367e-13,6.8409296119277325,27.03827058571326,0,1,0
12,1,7792.763584894412,7793.68746422747,0.8822223452343549,0.02510534498989749,average_los_nlos,116.303242857181,0.0,135.82624130237295,2.6144230857963633e-14,1.1127401509764825,7.556600691740981,0,0,0
12,2,2339.453158705124,2342.5287792843405,2.93635845194576,0.03453665639716376,average_los_nlos,105.86208183805711,0.0,125.205885366511,3.015861987293973e-13,10.61632114697205,34.445368599132635,0,1,0
12,3,2526.493694893455,2529.341888779843,2.719314252198736,0.03339725324551494,average_los_nlos,106.52853386499359,0.0,125.8939860533288,2.573957635781318e-13,9.30701800139422,32.10412165227299,0,1,0
13,1,7906.274313309665,7907.184930005128,0.8695581991820032,0.025055799751354864,average_los_nlos,116.42882105552073,0.0,135.95276086024498,2.5393578931474227e-14,1.0814471877417213,7.379889478613338,0,0,0
13,2,2718.6357021926256,2721.282800672578,2.5273829539930013,0.032419988775352473,average_los_nlos,107.16385667115935,0.0,126.54787688442767,2.2141768795914944e-13,8.190023725963501,29.932375060303247,0,1,0
13,3,2298.698162707579,2301.8282392991878,2.9883253679121737,0.034814976488007104,average_los_nlos,105.70984141063357,0.0,125.04835685736144,3.127262335442757e-13,10.936224213132263,34.98878959054477,0,1,0
14,1,8653.050764637252,8653.882801112419,0.7945235749703112,0.024764194567503874,average_los_nlos,117.21260332085987,0.0,136.7420836240773,2.117345048285983e-14,0.904814283478776,6.351385176005096,0,0,0
14,2,3118.680440471143,3120.9882553090906,2.203529194929381,0.030833353895014223,average_los_nlos,108.35422582238154,0.0,127.76839209837627,1.6717094217983033e-13,6.40943108498564,26.036356159529458,0,1,0
14,3,1258.019915671941,1263.7302355436611,5.448843449295086,0.05075825340263646,average_los_nlos,100.50147066284823,0.0,119.53706384819813,1.112483594257508e-12,27.315089567163053,55.22530380625933,1,1,1
15,1,9775.6934760386,9776.429968933631,0.7032900783143019,0.02441408973182995,average_los_nlos,118.27198900833088,0.0,137.8081213034261,1.6564863811087887e-14,0.7105401287405958,5.1536837258889765,0,0,0
15,2,4255.996606256787,4257.688000836756,1.6150559012156795,0.028140668141668542,average_los_nlos,111.05185980713172,0.0,130.51718711244,8.877308013884327e-14,3.5991011790764125,18.181479081176892,0,1,0
15,3,1247.1730174347597,1252.9327737022938,5.495944147741734,0.05112258897900231,average_los_nlos,100.42693852482451,0.0,119.45560933422345,1.1335457854978571e-12,27.63305746641115,55.536757118669016,1,1,1
16,1,10802.064432208177,10802.730950902043,0.6364719236471543,0.024160743849924747,average_los_nlos,119.1390543318988,0.0,138.68000019875024,1.3551893503322423e-14,0.5827386516268067,4.323339336543397,0,0,0
16,2,5293.225211309619,5294.585265877183,1.2987008376218954,0.026788934021370208,average_los_nlos,112.94502206975453,0.0,132.43603232334848,5.706854074218584e-14,2.37018613508128,13.607344472319621,0,1,0
16,3,939.3639211597255,946.9976643986905,7.279878309552298,0.06688063329158112,average_los_nlos,97.99536129305294,0.0,116.7246292605129,2.1258718144780776e-12,39.4024135653973,66.09337259656621,1,1,1
17,1,10490.869318007572,10491.555606653985,0.6553502378305271,0.024232061348534072,average_los_nlos,118.88518087100294,0.0,138.4247717053808,1.437218601322872e-14,0.6175954401514716,4.553377647550194,0,0,0
17,2,5226.366966406451,5227.744414902528,1.315308655084049,0.02685829915125088,average_los_nlos,112.83467006945087,0.0,132.3243623855771,5.85549698160412e-14,2.429120464805545,13.851073078890506,0,1,0
17,3,1680.6960094303058,1684.9745031053005,4.0839305713366905,0.0412106241272799,average_los_nlos,103.00024980614157,0.0,122.21724794772325,6.001712743867552e-13,18.065376295836774,45.13927515305671,1,1,1
18,1,9569.273361189953,9570.02573983893,0.7184592720961863,0.024471964586277338,average_los_nlos,118.08664525257026,0.0,137.62167792543102,1.7291481623227504e-14,0.741267249487857,5.3481100984780605,0,0,0
18,2,4527.717519279715,4529.307445337803,1.5181787151099053,0.02771983898982754,average_los_nlos,111.58901915925236,0.0,131.06234221844562,7.830072407525501e-14,3.1995745288683457,16.800034320295136,0,1,0
18,3,2133.3055023005254,2136.6778807638966,3.2195368099202097,0.03607969656203145,average_los_nlos,105.06316421811427,0.0,124.37764998343566,3.6495137282187286e-13,12.385542311554833,37.33097977726577,0,1,0
19,1,8191.073026533075,8191.95198508864,0.8393285834101859,0.024937918894002053,average_los_nlos,116.73613109795396,0.0,136.2623106389679,2.3646612582360373e-14,1.008473821858942,6.961514719468702,0,0,0
19,2,3369.647519912017,3371.783564888056,2.039557304300701,0.03005894383612899,average_los_nlos,109.025576924018,0.0,128.45445699113154,1.4274282938111662e-13,5.5659227712666315,23.947759768037976,0,1,0
19,3,3768.9938368043627,3770.9036770871344,1.8236091673833288,0.02906776761195194,average_los_nlos,109.99729191616423,0.0,129.44500433153715,1.1363171643343591e-13,4.523562805539223,21.077019856507725,0,1,0
20,1,10533.566889858488,10534.250396830475,0.6526940209483881,0.0242220144363159,average_los_nlos,118.9204558797451,0.0,138.46023760545512,1.4255295997778948e-14,0.6126312762393386,4.520783814143488,0,0,0
20,2,5173.62122679593,5175.012714801136,1.3287136144233909,0.02691441439439031,average_los_nlos,112.7466115586549,0.0,132.23523768516148,5.97690332780831e-14,2.477156935709151,14.047627368179851,0,1,0
20,3,2585.968300821253,2588.751060425154,2.656863494591284,0.03307618840854986,average_los_nlos,106.73018893117829,0.0,126.10174135141584,2.45372487048474e-13,8.93905654583001,31.40823590574977,0,1,0
