seed,mission_fingerprint
2026092000,79696750faa0a96bdd3e8c69e36015310513b38b1597a3332ae02bddb94c4f5e
2026092001,fe2c6a6d30ec8034b2ab9da817a9bd20a9300f1b458557c762dcdc52ff16ab10
2026092002,61cc8d4dd2779c23e5ccaa9bd7f6459ea965e810f6cbc7a85d2653717e899a1c
2026092003,ae55b8c5c1ac7618ec8bcca2ade7a00427f074340e16754388c88a1feac7bd64
2026092004,b57d38aa935762f46642b4e13fa596974586d740953d7c86adbefc83024fb603
2026092005,7e0d73867000d291c641dc7deb25ca1640af8786f0b174e9590da679695ce753
2026092006,a03faab8ff5011c3786ccbd028ca99ec1d7c3b3c57e65f3e0dc2b0b8bf42af81
2026092007,7fa19e4b09a3deade0b579f652474e8e502196232f6b2e93c6af6642fa4a7086
2026092008,15c87a1366f273790591d7607567f13d23baf2d7453801f10398456a28eb1bf4
2026092009,87d57b5ca5976342c4ce2d3710b4fa97139713cd99264ccf258b0dcdb19ca2ed
2026092010,1e03223177a0b455d26f1817e42e8fbefa861a98ed6da632ed1cdf9c29f6f235
2026092011,4981b0cd5635fb5741b40a9116b2b1a7cf226060924afc0546e8aa6b3276dbdc
2026092012,2793d65cc8ac6858d683e8365e7ea95aba34f6069cb5e5aee06058e4007be29e
2026092013,21415be3e72155f1eaf5190b317ff434517d1c6f43a507452a89f20ed121fa95
2026092014,2989bbece726d28f0340d5a731c3b0cca6c89c6e0fa145c94208697ac2e2b5df
2026092015,3b2d7e4789cba8469ae592e1e63618db768da733eb9af7e5507ae62fe20509c5
2026092016,b1508d7b74a48298bb2f154b21e418af618fea02a7df99cf6753a86a8b5d967c
2026092017,66a26d323cffda89df23fd673377f42c922cd41e124c2066ad8730f0901e1f97
2026092018,fd0e155f420867548f27029df727ede79d29f5995c54575dc05d5f4b1feffc3e
2026092019,24e8650029475fa4ff5f357eb70b938ed9e9bf7adf03a36ed0c89d022e34f512
2026092020,47f79beb2f86e7b514d8b5a0e6eca11fbf78bcfc0daa756fe61511b2c1639090
2026092021,980d6d0e60d3b4f2149829a70d98d3abb0d415a2b63da847800e0121b800fb74
2026092022,378284a5b267ced9d3a1c60d2935f8fdc98eaa4c1afee67d1c08ca7b46ed1b85
2026092023,758402b0bc400f923ad7ad539527ec4fb7dc1d78200b232169d9cbfc08b4798d
2026092024,3361fe962d84148d123c764a9154d4efa7dcf40aeb536055041f609d7da5e730
2026092025,e4f34e5f389b7442b9281024155457114d8d0c83b0ca20cd2e0d536e6cee150e
2026092026,8a7c7f383cde515004d190e374acf744e5a3d0898a8da4e8ddd3d0fa27085b69
2026092027,9cade406c74e7a2d99d62a96d72aab786453c26f52a8d9ac0219d5be5a12c73b
2026092028,a702ac093837599b6ee40b918227e73d6af80e6eb38807e534e3e91ba9814e51
2026092029,0aa3bf027ab3ca3e488a783c6a5393b4dc7489760f21aa242e8dfd596d01c9b7
2026092030,b36c59b286b37bb4ff4b92d04bed388a216f1295086b53f74c2aa98159b57547
2026092031,b000688967eda653954cabdf21ab0062c707f17656378575743dfaccad0c27b3
2026092032,6173db035eeac711f1b94262763425d7806a88aa63c0648dd0d56169f063978f
2026092033,404a7e98a9b11baa7f88b529b17eaeb7969e119edb3fe46575e29b6fd5113ec8
2026092034,6cb8b20618a0a22be617fc8c4ec6a143c9e1af49170d318bb2b9224f9e3f5864
2026092035,b32daa57441264c7b94410ddf7fc4fa61bd76636af1ba883484223ba8262d328
2026092036,6778c2a3db242fe6c994d7267b4263ba6e4673c6d05d9117030df5e6106f5912
2026092037,eb409bc8a667dd88611b15568d0cd220e42ef3c73bc3b8d354a8f9462daae123
2026092038,f239c4a8541a9e24b32bead521d6db641671c9ef03f0a8fd2ad7f27fa347304c
2026092039,e0d0b0d11c6498a3da62496fa89b28771f60d360e211f98bc1b91ae4ff8b14ba
2026092040,27db84d785c03dae11e7d8d956bd54c63113867ba7f1250cdc415e050e1be171
2026092041,7c80ddfa1a43a5cb623777911b604e402a1effc5b99d3776d7c7847fed749993
2026092042,fcc56cbac2944162cfb6f34da38c35b163190e5197c388d1f30555cee9333bbd
2026092043,f4499dd238b824e483b50934f894bd0a7afcfce1a0f595cb86119977450320cc
2026092044,47efa26706f7aa573dd868023a8f7a771f3bf83e056aebc47602a4001572bf14
2026092045,b3f1b052b9ee474adb5d60d43c1f4107c3ef3c6e99f98304322dfca040d4b6fd
2026092046,8d970f393d9644232c3ee66a96be5d86dba730d85bb1c33991d937f96f94d7b0
2026092047,75ca21d8a6f85426b8669d1066fa69eddc25aec9cfe99866bd0260b3fb6f9c44
2026092048,eb6061a3ef01a442c7c9f6b533158b8b89869386ffae345229467af3db08476d
2026092049,bab7a5dcfd0b1e6afe832c07c4a67e89a993ea0ff8e57958906ed0fcc32400f4
2026092050,3e21a7026f6d5da1a3b0ba421beeec66a69208d9acd855633ca65e7ce95a7a6a
2026092051,26964dd3ea6e6ba50a704bceb092c18a8a7fa4255fa38824656884da748097de
2026092052,c462ee73258a96faa6ad99ad172a2e08e4acaadd3c7c6ce17fb2220a8f7536b8
2026092053,3251ef6db09502ce211b48fb7b463a98aba7b3fd202a7c60b15cff526992361d
2026092054,8175be4fe2e5f70b87d77d342884fc8398f4e5ac61f1865492d6c19fddc4e5df
2026092055,53d4cd3dd2cab843bd93a1b5a8b8cf379a8369c731f6c385a5aec0f354ff48b5
2026092056,26f1d865bfc99eaf7eb4e02cc3aba494ce47c0e1d8368ead96af16cd0b5917d4
2026092057,76ae1123285d83688400e81dcd4e6083cfd0e5602e2d253e9668de74e6261f87
2026092058,9626e851962b55c29b7436f8139c723e5d6cda3288fe774aaa755eddcef6ad85
2026092059,3f319a2783f5e4e6d6fdeedf49e2b6f0fcec04153e62b9aa930fb157ff4a0bc4
2026092060,c7fa9ec3c736c15449f7e06a145763c692bb4f3414b5724405e4068e8f45ea54
2026092061,10d9d02f18baa897beb9ddb886e8189276e1f4ea51b13683d0479b708e0278ce
2026092062,0f7df4332316d65a2d769dd188123fe858e6612e853d2b517870351f6855b434
2026092063,1925e62cd3f3076e33d8a659fe8de02ed4871d32d452a237ed04d4ea7979bcba
2026092064,58d489b5e2d18c5eefc2b0f322b7e47d36a6fae61d4c0483d7cb69396c192c7a
2026092065,458c938165d453e0a3661b08d2d75b2117a9c1c21b017d651a32d4582fa05aac
2026092066,babcf83d60588d6344314d70e8acc203c2fdbbe360fa609c34c9735cf063d343
2026092067,76d6f5e98dfb564cb4503a2d76ca2ca67be2e4d047579d195f9f662c7f7ce509
2026092068,bcf2d6eea13227cb6c5548e33e6e1386a1938fa7b1218adc17e52556d750fa70
2026092069,bd478158dae17268bf4a2366df6ce888c72a2a4a5016b13326e9b17f6870856e
2026092070,05d9e9b9683eba44a89903fe5202a9ab615a62999c92440796f5be6e99541db2
2026092071,796487b9c8db319b500ce6fbabb7a10d2560339add503c387cd69cffa75e36c4
2026092072,a67f1a355ebdaeaf8b24d6fe53d26ebc58d8aaec9e18035a7be92fa2706e88be
2026092073,f7b860e25b14ebd63809c7f91acaebaf39851dd0c43f4969724b546c1d866a4f
2026092074,960c899602776a4d763c0ab73a4c26a1e1cc33c9c5b77ee2db6ac919ed0356a9
2026092075,7d204396b7ddc5f1aa055a79ed0d42783a466347436b8b7a697c7d65aead4da2
2026092076,e121c8733b4995abbe145f658ac723b30ddfbb0afed015061a96b4b46768b157
2026092077,a0f28c9e3d3dbcbc328a8e471e5b796b3915b8266760cd46219d3ef8bf232add
2026092078,7f33dc0fc971423ed3b84695694f46a8e6ab26ffeb11300574463612b12fbdc2
2026092079,766da2abf245dcbdd656796f6a893dae0a0328a5a350e2833f29110231e31dd5
2026092080,6230956bbce094b1e28e90de3a03706b93dc4cb00c856aaa6035614cff81b052
2026092081,c4c35994a7a73d9604f58ab6eb7eacb91afd07edc7bcbb22cc578b6fdafc552e
2026092082,a19ac809c04a21392188200499caa4816ed2bbf76ed6f88b4e260fe8b443b5e7
2026092083,b0c0f4dc14b0a1e051511e03bbd2228b2b22ba5e138cf919d49ac540b2e43c56
2026092084,3f9508c9dc781120514ef4b55bfcfd57c7cece2094c3e96124f3a8a60b33f410
2026092085,57e44c54c120140c81846f640883aeeb8c8d6f47a62a8c97d8107e0aecbfdee1
2026092086,321f48057c519c93eb1040519231f0a47cb5aa24d51251c02bb8137beafd9408
2026092087,b60841032c679781c58add487646dc3fdee98ce684bb615f2e60baad853863b6
2026092088,30f885d9c92c55aed7458d48f219a5e6bf62940226cda4a3f1da1f283b8e0158
2026092089,ab20958dfa94a69888c5738aea34627a0bf9539f74f9c87e4dba4e1891600df3
2026092090,097baa91b91330b2794214ff1ed9edc0dae50cfa31161aed52e50c139d084bf6
2026092091,fe0a937e599219c488aa44ae058e1570656e5f1f618c0030a94b7ad3a64036d7
2026092092,e4c7258748848a551597944c8b175a8d43f98d7f857dc714cd561716a8f5210b
2026092093,e1b99f7d5ac89215f746274195d9c0376c0cf70c7c6961a3f6c74e3b08a46267
2026092094,948f86e68955ba7e482180cdf03ed946a2558fc0183bcde2efd712a612c6b046
2026092095,64729bb9d18d0a44daa7dc79eed80f0248145e75cbd6a544dcf0c9cc47749517
2026092096,e2a3cd54d15d92ecdc9e68629a32a6ea93d12ed77fe683480497d832a0bb613d
2026092097,286283f8982eee8c542b3a6c8c35fe3ab68b14c06c30195824c74ad50439d215
2026092098,535289e9b88a7a866f1f9604d9e56e69bb8b52e1a158c1d87047ef4bd8549772
2026092099,8b2aa2fb9c475e7b11a35da6d85410d0294160afd4e3371a6cd0453aaa18b07b
2026092100,4b76d86594050597e1af4fb9e1b4dc4fde5369e74df6ea0583d6ae05790f878c
2026092101,a22790e075232edd0dd0f9efd9a8eaa8694b3ce07e64fa6ae361e7af4da4888e
2026092102,548cc10868eafd2b2aff17ed911101751a4359a1047f87429ffdf63ecec43a1d
2026092103,f3d641715f5d668d4624c2ec79d0bc47164d01e35c41e7c0e9f63a1e4d248cfa
2026092104,a64ca521c865138277d175797b7eb012da7997a9a9728930a503b33955a4ca6f
2026092105,c618fed2aa05ec55a35e9fb1f37862869787e18723e81663463506b956a24394
2026092106,8f53e03e41a380c4e52a2db5e7b11c8e8a411a73b2a04c3058581d4b1510bce4
2026092107,9796bbbfbd23cb62d8b851f7a97b3286102d39b3cee4c85e8df954639ce59b88
2026092108,80e1d63a9d2cbf93d37e6b21fb49817c2b63cfa0b1989fb781445e941b64ace4
2026092109,3d33a5a8bed1a79800eeaa3e8195a255f3eb570542377affb6e3c8ee704a64f6
2026092110,16e7961a238f7246cf872b8148f25e69545fa460f4eacb920fd578fbec3f122f
2026092111,9a5e66e92dc7c1d2e1645f425b97cf488fca180633ce0f16d45d076409aa54f9
2026092112,a637e7570f05b15c94147e06d6d42b9da6b46dbe19093ab7ff6f65a3bb9836cc
2026092113,fee8af81b066962f2136b0726a9388232002ecbbf94508cdcfe4045c926e97e9
2026092114,0c7d272cac79ec7281f9781e58c7e0441955856eeb1090b17dcecda3aa2029c2
2026092115,58cdfd9d6a13ef5bc9314ba4af4001168bd3dc7b59efebe39562ba88b45cefa9
2026092116,fd2e7a749e157b63c1ebcefee7bcefc295de38950f7452b055d75950f8fd5fa4
2026092117,42b918437e3c53ba703c4c5c8bfc229ed628905280a80fe00a7c1024d7642f67
2026092118,4bf7954e39a9ab88165116499d145b8f107b1ca64047b92ad566227fc41ac73a
2026092119,30bd04d37eb2708c741e7a294c2e36f0eceee88e16d0760988c261466ab39826
2026092120,37654cd088fd2e3a1d56dd44cc5b5b3a19ec186bb6df54642c38066ba68e79e6
2026092121,767c5796523dc7b4cbc7975a1000da1c39abfcaea7f0ea463e652d50071e275d
2026092122,7c3fe80d22cb504c064c1ac3edd8c0410d3ff9aea8c4f3be25349eed4a0faffe
2026092123,867c2386f6af3bb2447b619b21119b2a28491fcb9daf483f7c2ed91b72063e0f
2026092124,593adba464d3597c4db2f1df1fd3c5a2e476245cd20f179581f3482f567b5a38
2026092125,4e0326db4e2d8e77560c0b683e1fff1311e10330304fdf68e1566ea79dcda9c9
2026092126,f7a91ca4582e93265a94a388347824290ffbc5255b7716881dc11e05c407662d
2026092127,7b0c0365619c0398c45e4107794a5fbd47b8edb4701fbad4a005599f31b2d364
2026092128,ad3800554358d2014f8ad743b63b7ec0e799946fcedecbc72c55fa2dc95d373b
2026092129,10f56faf5ecdd2b1da5051f756ffc9f6506a892f6eda0bfa5dccb8ee944d6ba8
2026092130,303223156470f4f10fc9802aef0bfff607b04d8e39489528e47cc09bbbc19f36
2026092131,393dfad92cf4395334ed752a21a1b3de6904728ac88b2e2401e1ed554e4f3cb1
2026092132,aaf279360910c44ae6e5bdb05d46df260dad823170055269661c02ec91401898
2026092133,00cc5c3e3760ae2ed03a5823eed83dc726941e8a6e0245841cdb871f6701c975
2026092134,642e56391923d080339386b2dc3d6a8e26e4c792ca22ea305b7b55afc6f479c4
2026092135,44dfcddb28f7144cc926bbdae0069c114cdac24fef57048396892cb832a9ede3
2026092136,6f305b40e3ed100b4df27a7e6b910e596824b6fc512a82a515c6751d33c4205a
2026092137,ec4e05412609e411b60843adce2a5944b66e4200ef94a2b3e58914b9b26ff524
2026092138,8123e86782d3c465be62ea32c6b5dd174ce7f679d9dae3bbb1b8054643389bad
2026092139,8a06650252c72555002a0af1d43af7e99539100955855955cd52400c42fbd162
2026092140,84e37e73576f77a1b6e2e2ad4466e86186ed00633292860e142e5a812cdc4e8f
2026092141,de1cc7551c0b26b1f751f31f0e700f44877ff39bdbbb5ca5efe6a8f919a0628c
2026092142,b55031821165785457eca30cec3299e09fe23a15d57c80c0a0a246cdd36e983a
2026092143,1418042c993d28193c603e1cf1be6bf681a24bd2645bcad3067fd9371212da83
2026092144,f497d453d860dc434b2bc090f9ff965fe3bf81d9cc7f7a118cc1c73abc63ee17
2026092145,e92507924dd3d3bc45fa22bad104cc14e63583d0f4eb2fbd2daca6222800e39f
2026092146,66b13460400a8f41f4cb70cc44276f61e6bdb462458e51d406b51dfa45f1727f
2026092147,cbc3054171cd8e253d7bab1dbfaf43cb4fce7aff89a35dde0f2b83d958a4a4c3
2026092148,8f9095692366dd0ad3bf4c9bd2650c804734661054a215aaa8ee18e572b8e600
2026092149,1a2dd16151e0999f8976fcbad4c48c10ffdf4d34c1230b8e7daf17098ad5bab0
2026092150,9e942d51166f51b8ae9d144e32a437ac7ce117625d03d6e7d594f6e5f528dc11
2026092151,860be813a728a1741f1081c282a77d4da2b0be92e392d1019d2e95737eba3f21
2026092152,4bc0989b1070b826e5d94148e1f9d71baa6a0e7eb7b01874441750ece7f0d052
2026092153,f297cba4813c48b872e6bea6299ea1bb141051605d37682f5eda36927ee0a4b7
2026092154,5c4b93f202a17ef06205b23665930f38980e3d48c05793aeee55f644469ff13e
2026092155,d59f92fa1626b235440788e04a579fe7293feb2380d70dff67dfd9c89e41c470
2026092156,092cf2c1c77ddcadf18bec864e6df0a3444b346a23bb07f560c1d41159c6d7c0
2026092157,7bc51293401fef028ac71d0f28bcadc851d05ba988e6f50068fc0e741468ed2e
2026092158,c8ea878762de49f413a006234ee007e0fe66dd50dfb37e7ef3cd04c5d86a5ca9
2026092159,179fb2d84bf975ff7c86ab4b51833617816a46706a449bbfadfafb4725f0a2ef
2026092160,2cec1f00cc260bc65250894ba6a3f5c351aa0a686774ca8fdb780a47f9273385
2026092161,93a04756cac6ac6fd4b1e710a0f358513630ffbf64e25d8f874cc8a48289eb43
2026092162,887e9fbf5ceebbb559e8fe1a962c157b0cc96d7d5d43f1408bef531b9cd09937
2026092163,809984b5f00b40a7e095d5d0f1da1f403b3378766cc0c8c75d3f8f63f40a008c
2026092164,1c69dce962e9a4c31c64b51e5092b6b2a87b900b59a856ceaaf312855b816a52
2026092165,3aef7209fe3d785f8273d20201cccb0b9aafb460aa65865fb7fb5a9a792c5149
2026092166,ac143db72f55f171b11eb36869eb07f90c9f6d073464d250556c216cb12b72d1
2026092167,f46a10a5f8c7d7dbbc06b7bd7ae6dd1704c6b108fd47f37dc4ce9a6e50a80118
2026092168,2c851e31f7c00594fcf3a8c14ededfce3cbfaa5e210ab81bad52041cd7550ff9
2026092169,b8aab8b65d43ede4530d84ea01e99f08383e35a747fb27e71dfb6a6c48595ace
2026092170,7d5f3739f4bea79710ff16449106f6bb3080d0ee7444d716287dfe1b89d25172
2026092171,73bb92d7a6d778c1ddb4b0a02603a895f119b07c53d5628964d1783a4d8f4c60
2026092172,44cd96b215593ae94675bd073ead4fb4c50477560eb47669f476aa9f9dd29976
2026092173,7bce41463645077a77037e6cd4a5c721c7048ba2d76700022d05d4b5d64abca8
2026092174,fc67bb77fe4c7f8d5571e4ee177d589504fc819ee8f051dd3b646563455bb705
2026092175,5646b08e9aa786f62288971b70979fca8461567ae4d3a8677a300936c5acce07
2026092176,f0e9bfbd42a9837ad4d799c89303c1264647fc362e2f42d096da0c93f6e4ae8d
2026092177,2951734b7c6f2382fe790af7a7a14a8027b52b1bad32582ae3b025f63ba45d79
2026092178,d55dad17d84a50e69d79b89b942f782883512bc40a1a72333d31c8697e420119
2026092179,cd8a59898edb75f5847f0db4a5f6d5730e435c65953fa0ba37052d6bf74adde0
2026092180,3f2fbdd01f2101a5167006f6ea0875aee5d819e5be46892ba8f37420c60c3e71
2026092181,19dc1ee347f7a943198ec51a18c3e1bde456002b2f174beee18db4a091d8eef9
2026092182,a9b71a1aa84c008a7d7312e4fe27d50b4c945b0a5ff20fde51df2a9c414b8bd1
2026092183,27e9e906eec624540ad803ffa5cd37b79dca88aa09d7096defc26df4cd7a0905
2026092184,c546cafe1982a8bbfcafcc8f006ee50cd7010e355462014ab30290bab1f37e4a
2026092185,d9884a7de00f4463542bc1770575f6b2e8be7056cec905eb85fcc230ccab14a5
2026092186,81b2f6ab6e2e78740ec52f3fd12343987fd78afe442549b9a5a23dbb974c475a
2026092187,5d0b10e63ff02ca4858e995d21644e1ff56f35db2ecbe70ae1126b31cadcbdf0
2026092188,358ae78cb3e55b71b94224c74d64ecbfb992ab86cd519d4538e4359a8b8b9b4e
2026092189,28d10b853474285c2bfd35159225063e7c08a31de93954fe261af5e68c2396a8
2026092190,3d12c630f7e79329fa373974513f971e32d71ac22aba30aef138c0426b973de0
2026092191,871e29c33e6a1df799910c98064713d80f01feb1cfc82f3d14c5899517936f4b
2026092192,ebbac04901d737d08b831f1e86b1a009b0954563a55ecbe08ad4697445eb8a61
2026092193,33c24fb46ddeef43c4838472e43c53e4efefd26ee57dd7132e4e50154ab84f48
2026092194,f8867f2932112d7000ca7bb7c54f0a2645a92d95bc86f39b4e40b80a27efd8d4
2026092195,c0f7bf99c70992ab63ca0a9bd3ab7b37fb6e8aa76e98cdbab608ab55fc43002e
2026092196,76ff698a1c19dd1618a1d50fba11981ddd164f2ec65edc8717ead42c818e0e9d
2026092197,cddf839714184fbef832afee03b5a06272f9e8f2b57847a71998a49f6f879cf1
2026092198,0370f3395aafd8d4a6c02a4dcdf796d319ae9e5056140c429a4dcaa0ff100604
2026092199,312f5a014cb8d63fe44a4e7a0e6860932ed568797c351c208fd13319339473cc
2026092200,5b9322124feca21a2b4bc41b35c0f7047a584d46c298dfd3701ac217a4374767
2026092201,96539067e7ef08812404965835d7fd3ddc6108595cec33389313d26115d10c17
2026092202,b6ffa7f7efa92f0b23d17e639eb8e32472ed06599f9fec7699ac8172f42d308e
2026092203,8398d9ecfd0a355a069110ee8cb58c41ea5280e67a6cc0606318e9a382189d78
2026092204,53dadb87a44d9053ed0b8ccf6f2b14ee669cdc7bc9861d1804f2bbd8253c6d51
2026092205,e6c2b98b638681a405a68b791b01314d2ccf9a6ec67c2ec48201b42dff542d71
2026092206,9a721dab770c0c8ac021dd140b9909c5a190593f9ed43ed34bcc26f5adc981e3
2026092207,476dd6b22afc788c226dd6d534574a908cb26da912fe6dc667d749ec9f0f002a
2026092208,a52d5c3758d471c158c863c42eff5bc55ef848283f6309fba5875fcc813fa976
2026092209,65967fd6c479c04aca40c7a64de81d1b5da83077ecef01c806406a062fea6fd9
2026092210,97ff916d5e4e7710b176f2478488e63f508b21cd8c081e7e7bafa43b71d7c7b0
2026092211,d0f3a2ce659f3e9e3dcbfb55706633aace6570cbf83ef693e560a3996ad31d8b
2026092212,99cc3bcb8303a6f7eb4cbb239f9b9dbdf2fb426c2f7581b83b3da24387bf62d9
2026092213,cd56f02f95bac2c8529df28ac03849e20d78b52628b6258938c544414df059ca
2026092214,3fb97d0addcc372c443e04f838445355f928ffbc600ee2240981f36ca64cde6a
2026092215,2808e6c557933e386fbaef26e99ccae3dd22b2b15c4178f4c429c8f2e1aff1a0
2026092216,f07a87a6eb5db320418e302920bd3170ca616d195a93ec7de70996f6aad48770
2026092217,8217241c18f68c3bebc33820663ece65c531ed83648612adb12cbef2bbeeb9f2
2026092218,735c7590d39b03987424a039c96104c5b04600538ae39789ce92f1ef22d61c51
2026092219,441a8b9dc0400bb38efbe68eade54f6827bed9adc163345caff93ea1776f7c41
2026092220,2b1538ebea26fc490ef1f818b7024e93d3d82e58febeda340af21baec5243657
2026092221,f5e8cf9eaa7111637d3c43cd6ab9a1794d5d1121663a2f6a8638ca4b4d70a0fb
2026092222,a28a442dafbc1269973332d9f425a310bacada060fc15993a37e587fbe4146ed
2026092223,5dbf81d2c3a81b0141bd0741d20189420aebaffe46dab6eea74efcf505a99b5e
2026092224,08f88e011b9a680b6f905f1dad0599dd73decffb98aa660ad666be1fd5cf58ee
2026092225,45d36b2d0e91b9a96aa19e961ea4e3e16113216f80eba6113f7c965055a9a887
2026092226,4b33e987bc88c56b0bf17aea2b2b86bd9198409543114ec07ab0ab1512ab2354
2026092227,4b745f37d7f246ee184bd3e30a8e3902d2a1c61edf4a5b3e5fbf422a69030bc3
2026092228,fa39b8c6705a9c152b317fa6d25adadd68f3d3ed86360323af2df15d7bab9335
2026092229,3b95854bf6d256c479e48acd3dfb533d227c54ab4354753552bab28490b70107
2026092230,d9f1a88c6298c2cee107f660cbbe5a35aea7daa3a2322072c320783228fca8db
2026092231,bb0527eefad8873a8ad6df10ba1f35174e2874ce671a63733a2b54d357c639ce
2026092232,e165b2b4857e31f154f55d749a1198619661834a8289a0e6b9721f7560d05842
2026092233,92a54c1c31bc77e08574f4591778e7a440da9e9d254450d5354fad8e04b40bbe
2026092234,07a79ecbc959dd1cf813b8f767298af26127e4ff903ccdde5bc9fad8c3f7df39
2026092235,2399b679c17e67627169ff1735f2b671995f0416a1ef02b49cc2a4c8ea8da0d7
2026092236,8045b8379a963e64df75415264e0b600000131016687649c5e093c1d33557245
2026092237,51fc2e506b7b91f9a1056a35b7c5d980c853451a75b18f782f9836d8a39ff7d4
2026092238,c7ce93635b5d5d636a2012b1b9fc2677a2010212a434847f7dd6b1fc72957bda
2026092239,ca9a85f9a894c03f9bec8c50131be87fd8f7df0a4a3c82eb3996b57169bcb205
2026092240,b89eb4f4f0d76ad2bc99822b0411a653c2d75d1b0ff1b7b4b3363a9dc9b1d277
2026092241,c77da8ad1ce936b62eaaa653bd3e04db38cf187f0c8cbab66077ba17a48c7c5a
2026092242,2adee4099c65a6763c654ce3882d112eeed9b388f70a38e63fcd100892a69c81
2026092243,b5a2e92e54d9bc89564f8ce9160d2c6483b4e0aea02bc021aba1e6af103d3cd3
2026092244,a1dfdb6ee88b1601ce4a3b8f4ab06e583dafc5ca30149f607b36175877dead5c
2026092245,aca500517526dea44c1cbf68da74f10673ef34ed6b4965b586e6b0a8433d11bb
2026092246,6efde563ef2019be9f70492240a8089252c19b286dacceeaadbb5166fe50bd01
2026092247,063a83ad8fb48888fdc61c4b07c33b59cc32f01d7dbed97f7a2d9387ba5cbbdf
2026092248,8828176036076a68d13b2de7a248f45c703fb021e474d581ada84247fde734b5
2026092249,2e67701f272e43a358a10f77709295b115cfa86fba0ad0bf8addc2c810e6540c
2026092250,547feb08ca8ef5c3a21d7eb23fec180d29dd082738518c1ee9afa83f98acf2bc
2026092251,0181447df17a01c84ae99e6f6a3b28f9a3d04b32302e4f9504de6f2a142e1a62
2026092252,55ff45c5486a7d07005e35d5472b96fa798f60e7ce76a134408634b2a42ecb49
2026092253,ec561a24bfc0752ebe94f57fb62523df4d9dfd2607ae66dd5f61bde00828046f
2026092254,aefa8aabd11b5c16b0128299196305c5aaf5eacb744a0d700fcdc1f34aa89913
2026092255,e91fbe8cedd69cc3aa79bcb063b7f02ea44d615b96def83ab84dbe671ee94ba7
2026092256,7249cd973b4c006d897ed9ddc6ff63784e293b82944e772e140de871e4ea81f0
2026092257,8ca8246ac308a0ca8d47227d8ad9a8f5e20944bcf583a22333f03d3db0cd9936
2026092258,2cd5fafcaad2d9e6f048eca6ebda9ae2b3a4b920c3201b92bc8dc2c0c34f126c
2026092259,e2ddd7a5917459b48dd665c260b37c3dc1b250dd384b544c3183f9c7a34ce0cc
2026092260,c09d61b11410fd2ce509e8ac57b267458ce609981979126550d73fabf06b97e4
2026092261,2b4d5b589ae6ae11fdb466522c34021e8e1887c5788973af3bb5e323eece0e32
2026092262,59075a3462ebf4009ae1022a5c0e40c5252b24250bbbb8a1130f4924c416e501
2026092263,137a2c7315f7398ba4057b01ed208a624bf36de450895e864cc069e33f455502
2026092264,b761c165c7c4fd7f4857b879d2a3e22925c09f2e0b19eb45bb7d8e031af8bcb3
2026092265,4caac6c9b79f979286a81f244b2b9924720e4b242e5f0460d4e411d01d586ce6
2026092266,4cfd6efc4a19c84719b22443489fbe27341d1437b467ecedbeec6031711715af
2026092267,48ec1b766cd9d3448e657a712379d5ea01d92ecf107e2b7d8e3ac5010ed7fbf8
2026092268,f35ce88bf76795c3be9b05bd9b6936fe70e81d623cc9a8939f21c4fd21a4645b
2026092269,4c05a936c0cd730435a8feba8e5c7668162eedfb4bdf56eae3dc5b86b36b0766
2026092270,5ac2b78e42def1ea80168aa8c57cf76e3d5fcc3a6860a682819bfab7dc812d8b
2026092271,3433c99a50056c1f754849f1b2178ae4eb7581e092bc2f31cb35ce6dbb378594
2026092272,5a92df7a0b148fd4b7aba636bf3955406b3874d9291e72446c28d6c7ef2d7482
2026092273,7e2fc3ff0b117129477758c09b58f7bb4da670caa294cf0a6fdc1bd0d5a91f1a
2026092274,697e7b779cbe22f6991b19a61a0b240cfbe2e13e1b7b51eb504d7537cb21e744
2026092275,10bf0c6edfc49acd68643a4560c0bee2caa529b3d19946ded6ff03c4d63f8f0e
2026092276,0750bfe44dfbd4a2ea8a32497899d665e4783c1a4bed1ae0e9a123310db4d4eb
2026092277,bb4be180d4f1ee8b4b1cc22c8cb0cd8e7bc7ae795ad2409b59d23675993b0733
2026092278,c62297632f3dcf01552b626ab6c9e4041e00c9bfbf8ede4619d34b03e2c94a93
2026092279,701edb95cd4e8c2fbd2c1573991115a1c6e48e363e70a647da878393743e6959
2026092280,ad4af7ae6d10400975b311f2f37afa05ee9c9c8fa79e40fbecab19066b0199f8
2026092281,7b5a05ebcf0b1f50849d7c899c5f0480b1bf32abf1dc5362c976d22a43f4a604
2026092282,d6db8e51720c14106aab0b36d8c8dbc8fb74c6cfeb0fc4fea66db105e1ebdce0
2026092283,a5e080b923066f142620036d079fac85ce5de8905410ab445f53f2bd19339676
2026092284,e141b4f56ba1bd766c6e2323058790768cb97931f4c3ffd7a31cc7a22f2177c9
2026092285,ed732b880930ef22b4a650e2df1b4b85fd4705ae00c8237cba173d3e055754c3
2026092286,1bfc5e2a64a40dd3b4eeb8f9f6c6c342c9f4dfa8681b6fbacee3af9485559a01
2026092287,71eb705fdf767d6d227b16540e9f3eefb53ddc79540493d2dc26127dd3321759
2026092288,b51832440be2d22efd563cfdce329254e30fafb3066a50460640fba8854dfc35
2026092289,8dd40dae7134abceb4d1a0fdc49d1a47c813dd627cba093f15bcccc6752a9b13
2026092290,c23b75604ed03053d3fc467f4d7387590fe07142752fb801d0a539ce4b830eb3
2026092291,acc8e7b9c42b6f602ebbf9e196c042ab2d6321cdfd9485efc61d2c33c9871112
2026092292,1cf4942561cd280000c189ef6bd2e7d25edaaf6234a0c2312000b368d6a39a96
2026092293,502423926f5c71ee1b11f97e7a51c2f052a786a464f237a661779df8e1309d62
2026092294,f1f70bf5a2ef2b3025f46ff58696eb15f2f768a20141866439987052c75fab57
2026092295,0a44ba487201becffa770b8bb654af12c6ed588d48d00a0361231c772cb6467a
2026092296,ad00a8c488327172d7f56e350839c1eb9b9614bb51bab226185335b8706f794b
2026092297,0f01de8be1c6be7f2fcb608e0c0e7c49c9656cca9cba4ecacbc3cf462c9ae46e
2026092298,8d701129426c655892a6153c0063c81bcd8872fa072e0882204800001164819f
2026092299,0e33568c114c8a55a15e567730672922cde72dc4ab9d489909119f2ddc38abe0
